AnimeId,Anime,GenreId,Genre
2,MovieHall.Models.Anime,37,MovieHall.Models.Genre
3,MovieHall.Models.Anime,37,MovieHall.Models.Genre
4,MovieHall.Models.Anime,37,MovieHall.Models.Genre
5,MovieHall.Models.Anime,37,MovieHall.Models.Genre
6,MovieHall.Models.Anime,37,MovieHall.Models.Genre
2,MovieHall.Models.Anime,38,MovieHall.Models.Genre
3,MovieHall.Models.Anime,38,MovieHall.Models.Genre
4,MovieHall.Models.Anime,38,MovieHall.Models.Genre
5,MovieHall.Models.Anime,38,MovieHall.Models.Genre
2,MovieHall.Models.Anime,39,MovieHall.Models.Genre
5,MovieHall.Models.Anime,39,MovieHall.Models.Genre
6,MovieHall.Models.Anime,39,MovieHall.Models.Genre
7,MovieHall.Models.Anime,40,MovieHall.Models.Genre
2,MovieHall.Models.Anime,43,MovieHall.Models.Genre
4,MovieHall.Models.Anime,43,MovieHall.Models.Genre
6,MovieHall.Models.Anime,50,MovieHall.Models.Genre
6,MovieHall.Models.Anime,54,MovieHall.Models.Genre
7,MovieHall.Models.Anime,54,MovieHall.Models.Genre
7,MovieHall.Models.Anime,70,MovieHall.Models.Genre
