Id,Top,Name,Orginal_Name,Description,Buy,Img,Link,ReleaseDate,Episodes,Language,WhatTimes,Country,ParentId,Parent,AnimeGenres,AnimeWatchedWiths
2,2,One Piece,One Piece,,0,OnePiece59.jpg,,01.10.1999 00:00:00,1151,"Englisch§COMMA§ Japanisch§COMMA§ Deutsch",1,Japan,,,System.Collections.Generic.List`1[MovieHall.Models.AnimeGenre],System.Collections.Generic.List`1[MovieHall.Models.AnimeWatchedWith]
3,4,Naruto,Naruto,,0,Naruto4.jpg,,01.10.2002 00:00:00,220,"Englisch§COMMA§ Japanisch§COMMA§ Deutsch",1,Japan,,,System.Collections.Generic.List`1[MovieHall.Models.AnimeGenre],System.Collections.Generic.List`1[MovieHall.Models.AnimeWatchedWith]
4,2,Hunter x Hunter,Hunter x Hunter,,0,HunterxHunter20.jpg,,01.10.1999 00:00:00,82,"Englisch§COMMA§ Japanisch§COMMA§ Deutsch",1,Japan,,,System.Collections.Generic.List`1[MovieHall.Models.AnimeGenre],System.Collections.Generic.List`1[MovieHall.Models.AnimeWatchedWith]
5,1,Solo Leveling,Solo Leveling,,0,SoloLeveling4.jpg,,01.01.2024 00:00:00,12,"Englisch§COMMA§ Japanisch",1,Korea,,,System.Collections.Generic.List`1[MovieHall.Models.AnimeGenre],System.Collections.Generic.List`1[MovieHall.Models.AnimeWatchedWith]
6,2,Full-Time Magister,Quanzhi Fashi,,0,FullTimeMagister66.png,,01.09.2016 00:00:00,12,Chinesisch,1,China,,,System.Collections.Generic.List`1[MovieHall.Models.AnimeGenre],System.Collections.Generic.List`1[MovieHall.Models.AnimeWatchedWith]
7,3,Forest of Piano,Piano no Mori,,0,ForestofPiano75.jpg,,01.04.2018 00:00:00,12,"Englisch§COMMA§ Japanisch",1,Japan,,,System.Collections.Generic.List`1[MovieHall.Models.AnimeGenre],System.Collections.Generic.List`1[MovieHall.Models.AnimeWatchedWith]
