Id,Name,Belonging_to,MovieGenres,AnimeGenres
37,Action,AM,System.Collections.Generic.List`1[MovieHall.Models.MovieGenre],System.Collections.Generic.List`1[MovieHall.Models.AnimeGenre]
38,Adventure,AM,System.Collections.Generic.List`1[MovieHall.Models.MovieGenre],System.Collections.Generic.List`1[MovieHall.Models.AnimeGenre]
39,Fantasy ,AM,System.Collections.Generic.List`1[MovieHall.Models.MovieGenre],System.Collections.Generic.List`1[MovieHall.Models.AnimeGenre]
40,Romance,AM,System.Collections.Generic.List`1[MovieHall.Models.MovieGenre],System.Collections.Generic.List`1[MovieHall.Models.AnimeGenre]
41,Isekai,A,System.Collections.Generic.List`1[MovieHall.Models.MovieGenre],System.Collections.Generic.List`1[MovieHall.Models.AnimeGenre]
42,Disaster,M,System.Collections.Generic.List`1[MovieHall.Models.MovieGenre],System.Collections.Generic.List`1[MovieHall.Models.AnimeGenre]
43,Comedy,AM,System.Collections.Generic.List`1[MovieHall.Models.MovieGenre],System.Collections.Generic.List`1[MovieHall.Models.AnimeGenre]
44,Demons,A,System.Collections.Generic.List`1[MovieHall.Models.MovieGenre],System.Collections.Generic.List`1[MovieHall.Models.AnimeGenre]
45,Drama,AM,System.Collections.Generic.List`1[MovieHall.Models.MovieGenre],System.Collections.Generic.List`1[MovieHall.Models.AnimeGenre]
46,Ecchi,A,System.Collections.Generic.List`1[MovieHall.Models.MovieGenre],System.Collections.Generic.List`1[MovieHall.Models.AnimeGenre]
47,Game,A,System.Collections.Generic.List`1[MovieHall.Models.MovieGenre],System.Collections.Generic.List`1[MovieHall.Models.AnimeGenre]
48,Harem,A,System.Collections.Generic.List`1[MovieHall.Models.MovieGenre],System.Collections.Generic.List`1[MovieHall.Models.AnimeGenre]
49,Horror,AM,System.Collections.Generic.List`1[MovieHall.Models.MovieGenre],System.Collections.Generic.List`1[MovieHall.Models.AnimeGenre]
50,Magic,A,System.Collections.Generic.List`1[MovieHall.Models.MovieGenre],System.Collections.Generic.List`1[MovieHall.Models.AnimeGenre]
51,Martial Arts,A,System.Collections.Generic.List`1[MovieHall.Models.MovieGenre],System.Collections.Generic.List`1[MovieHall.Models.AnimeGenre]
52,Mecha,AM,System.Collections.Generic.List`1[MovieHall.Models.MovieGenre],System.Collections.Generic.List`1[MovieHall.Models.AnimeGenre]
53,Military,A,System.Collections.Generic.List`1[MovieHall.Models.MovieGenre],System.Collections.Generic.List`1[MovieHall.Models.AnimeGenre]
54,School,A,System.Collections.Generic.List`1[MovieHall.Models.MovieGenre],System.Collections.Generic.List`1[MovieHall.Models.AnimeGenre]
55,Parody,AM,System.Collections.Generic.List`1[MovieHall.Models.MovieGenre],System.Collections.Generic.List`1[MovieHall.Models.AnimeGenre]
56,Sci-Fi,AM,System.Collections.Generic.List`1[MovieHall.Models.MovieGenre],System.Collections.Generic.List`1[MovieHall.Models.AnimeGenre]
57,Shounen,A,System.Collections.Generic.List`1[MovieHall.Models.MovieGenre],System.Collections.Generic.List`1[MovieHall.Models.AnimeGenre]
58,Slice of Life,A,System.Collections.Generic.List`1[MovieHall.Models.MovieGenre],System.Collections.Generic.List`1[MovieHall.Models.AnimeGenre]
59,Space,AM,System.Collections.Generic.List`1[MovieHall.Models.MovieGenre],System.Collections.Generic.List`1[MovieHall.Models.AnimeGenre]
60,Super Power,A,System.Collections.Generic.List`1[MovieHall.Models.MovieGenre],System.Collections.Generic.List`1[MovieHall.Models.AnimeGenre]
61,Sports,A,System.Collections.Generic.List`1[MovieHall.Models.MovieGenre],System.Collections.Generic.List`1[MovieHall.Models.AnimeGenre]
62,Supernatural,A,System.Collections.Generic.List`1[MovieHall.Models.MovieGenre],System.Collections.Generic.List`1[MovieHall.Models.AnimeGenre]
63,Thriller,AM,System.Collections.Generic.List`1[MovieHall.Models.MovieGenre],System.Collections.Generic.List`1[MovieHall.Models.AnimeGenre]
64,Vampire,A,System.Collections.Generic.List`1[MovieHall.Models.MovieGenre],System.Collections.Generic.List`1[MovieHall.Models.AnimeGenre]
65,Family,M,System.Collections.Generic.List`1[MovieHall.Models.MovieGenre],System.Collections.Generic.List`1[MovieHall.Models.AnimeGenre]
66,Animation,M,System.Collections.Generic.List`1[MovieHall.Models.MovieGenre],System.Collections.Generic.List`1[MovieHall.Models.AnimeGenre]
67,Krimi,M,System.Collections.Generic.List`1[MovieHall.Models.MovieGenre],System.Collections.Generic.List`1[MovieHall.Models.AnimeGenre]
68,Psychological,A,System.Collections.Generic.List`1[MovieHall.Models.MovieGenre],System.Collections.Generic.List`1[MovieHall.Models.AnimeGenre]
69,Mystery,AM,System.Collections.Generic.List`1[MovieHall.Models.MovieGenre],System.Collections.Generic.List`1[MovieHall.Models.AnimeGenre]
70,Music,AM,System.Collections.Generic.List`1[MovieHall.Models.MovieGenre],System.Collections.Generic.List`1[MovieHall.Models.AnimeGenre]
71,Anime,M,System.Collections.Generic.List`1[MovieHall.Models.MovieGenre],System.Collections.Generic.List`1[MovieHall.Models.AnimeGenre]
