Id,Name,Buy,Description,Img,FSK,Favorit,ReleaseDate,Link,Language,ParentId,Parent,MovieGenres,MovieWatchedWiths
2,Star Wars: Episode I – Die dunkle Bedrohung,0,,StarWarsEpisodeIDiedunkleBedrohung20.jpg,6,False,01.01.1999 00:00:00,,"Deutsch§COMMA§ Englisch",,,System.Collections.Generic.List`1[MovieHall.Models.MovieGenre],System.Collections.Generic.List`1[MovieHall.Models.MovieWatchedWith]
4,Star Wars: Episode II – Angriff der Klonkrieger FSK 12 2002 ‧ Kinderfilm/Action ‧ 2 h 22 min,1,,StarWarsEpisodeIIAngriffderKlonkriegerFSK122002KinderfilmAction2h22min64.jpg,12,False,01.01.2002 00:00:00,,"Deutsch§COMMA§ Englisch",2,MovieHall.Models.Movie,System.Collections.Generic.List`1[MovieHall.Models.MovieGenre],System.Collections.Generic.List`1[MovieHall.Models.MovieWatchedWith]
5,Star Wars: Episode III – Die Rache der Sith,0,,StarWarsEpisodeIIIDieRachederSith72.jpg,6,False,01.01.2005 00:00:00,,"Deutsch§COMMA§ Englisch",2,MovieHall.Models.Movie,System.Collections.Generic.List`1[MovieHall.Models.MovieGenre],System.Collections.Generic.List`1[MovieHall.Models.MovieWatchedWith]
6,Fast & Furious,0,,FastFurious46.jpg,12,False,01.01.2001 00:00:00,,Deutsch,,,System.Collections.Generic.List`1[MovieHall.Models.MovieGenre],System.Collections.Generic.List`1[MovieHall.Models.MovieWatchedWith]
7,Independence Day,1,,IndependenceDay91.jpg,12,False,01.01.1996 00:00:00,,"Deutsch§COMMA§ Englisch",,,System.Collections.Generic.List`1[MovieHall.Models.MovieGenre],System.Collections.Generic.List`1[MovieHall.Models.MovieWatchedWith]
8,Thor,2,,Thor93.png,12,False,01.01.2011 00:00:00,,"Deutsch§COMMA§ Englisch",,,System.Collections.Generic.List`1[MovieHall.Models.MovieGenre],System.Collections.Generic.List`1[MovieHall.Models.MovieWatchedWith]
9,Moonfall *,0,,Moonfall24.jpg,12,False,01.01.2022 00:00:00,,"Deutsch§COMMA§ Englisch",,,System.Collections.Generic.List`1[MovieHall.Models.MovieGenre],System.Collections.Generic.List`1[MovieHall.Models.MovieWatchedWith]
10,Matrix,0,,Matrix73.jpg,16,False,01.01.1999 00:00:00,,Deutsch,,,System.Collections.Generic.List`1[MovieHall.Models.MovieGenre],System.Collections.Generic.List`1[MovieHall.Models.MovieWatchedWith]
11,Harry Potter und der Stein der Weisen,2,,HarryPotterundderSteinderWeisen79.jpg,6,False,01.01.2001 00:00:00,,"Deutsch§COMMA§ Englisch",,,System.Collections.Generic.List`1[MovieHall.Models.MovieGenre],System.Collections.Generic.List`1[MovieHall.Models.MovieWatchedWith]
12,Men in Black,1,,MeninBlack73.jpg,12,False,01.01.1997 00:00:00,,"Deutsch§COMMA§ Englisch",,,System.Collections.Generic.List`1[MovieHall.Models.MovieGenre],System.Collections.Generic.List`1[MovieHall.Models.MovieWatchedWith]
13,Pacific Rim,0,,PacificRim53.jpg,12,False,01.01.2013 00:00:00,,"Deutsch§COMMA§ Englisch",,,System.Collections.Generic.List`1[MovieHall.Models.MovieGenre],System.Collections.Generic.List`1[MovieHall.Models.MovieWatchedWith]
14,Maze Runner - Die Auserwählten im Labyrinth,0,,MazeRunnerDieAuserwhltenimLabyrinth82.jpg,12,False,01.01.2014 00:00:00,,Deutsch,,,System.Collections.Generic.List`1[MovieHall.Models.MovieGenre],System.Collections.Generic.List`1[MovieHall.Models.MovieWatchedWith]
15,Die 5. Welle,0,,Die5Welle19.jpg,0,False,01.01.2016 00:00:00,,Deutsch,,,System.Collections.Generic.List`1[MovieHall.Models.MovieGenre],System.Collections.Generic.List`1[MovieHall.Models.MovieWatchedWith]
16,Doctor Strange,0,,DoctorStrange92.jpg,0,False,01.01.2016 00:00:00,,Deutsch,,,System.Collections.Generic.List`1[MovieHall.Models.MovieGenre],System.Collections.Generic.List`1[MovieHall.Models.MovieWatchedWith]
17,Deadpool,0,,Deadpool47.jpg,16,False,01.01.2016 00:00:00,,Deutsch,,,System.Collections.Generic.List`1[MovieHall.Models.MovieGenre],System.Collections.Generic.List`1[MovieHall.Models.MovieWatchedWith]
18,Deadpool 2,1,,Deadpool286.jpg,16,False,01.01.2018 00:00:00,,Deutsch,17,MovieHall.Models.Movie,System.Collections.Generic.List`1[MovieHall.Models.MovieGenre],System.Collections.Generic.List`1[MovieHall.Models.MovieWatchedWith]
