MovieId,Movie,GenreId,Genre
2,MovieHall.Models.Movie,37,MovieHall.Models.Genre
4,MovieHall.Models.Movie,37,MovieHall.Models.Genre
5,MovieHall.Models.Movie,37,MovieHall.Models.Genre
6,MovieHall.Models.Movie,37,MovieHall.Models.Genre
7,MovieHall.Models.Movie,37,MovieHall.Models.Genre
8,MovieHall.Models.Movie,37,MovieHall.Models.Genre
9,MovieHall.Models.Movie,37,MovieHall.Models.Genre
10,MovieHall.Models.Movie,37,MovieHall.Models.Genre
12,MovieHall.Models.Movie,37,MovieHall.Models.Genre
13,MovieHall.Models.Movie,37,MovieHall.Models.Genre
14,MovieHall.Models.Movie,37,MovieHall.Models.Genre
15,MovieHall.Models.Movie,37,MovieHall.Models.Genre
16,MovieHall.Models.Movie,37,MovieHall.Models.Genre
17,MovieHall.Models.Movie,37,MovieHall.Models.Genre
18,MovieHall.Models.Movie,37,MovieHall.Models.Genre
8,MovieHall.Models.Movie,38,MovieHall.Models.Genre
9,MovieHall.Models.Movie,38,MovieHall.Models.Genre
11,MovieHall.Models.Movie,38,MovieHall.Models.Genre
15,MovieHall.Models.Movie,38,MovieHall.Models.Genre
16,MovieHall.Models.Movie,38,MovieHall.Models.Genre
8,MovieHall.Models.Movie,39,MovieHall.Models.Genre
9,MovieHall.Models.Movie,39,MovieHall.Models.Genre
10,MovieHall.Models.Movie,39,MovieHall.Models.Genre
11,MovieHall.Models.Movie,39,MovieHall.Models.Genre
16,MovieHall.Models.Movie,39,MovieHall.Models.Genre
17,MovieHall.Models.Movie,39,MovieHall.Models.Genre
18,MovieHall.Models.Movie,39,MovieHall.Models.Genre
9,MovieHall.Models.Movie,42,MovieHall.Models.Genre
12,MovieHall.Models.Movie,43,MovieHall.Models.Genre
17,MovieHall.Models.Movie,43,MovieHall.Models.Genre
18,MovieHall.Models.Movie,43,MovieHall.Models.Genre
6,MovieHall.Models.Movie,45,MovieHall.Models.Genre
7,MovieHall.Models.Movie,45,MovieHall.Models.Genre
10,MovieHall.Models.Movie,45,MovieHall.Models.Genre
13,MovieHall.Models.Movie,52,MovieHall.Models.Genre
2,MovieHall.Models.Movie,56,MovieHall.Models.Genre
4,MovieHall.Models.Movie,56,MovieHall.Models.Genre
5,MovieHall.Models.Movie,56,MovieHall.Models.Genre
7,MovieHall.Models.Movie,56,MovieHall.Models.Genre
12,MovieHall.Models.Movie,56,MovieHall.Models.Genre
13,MovieHall.Models.Movie,56,MovieHall.Models.Genre
14,MovieHall.Models.Movie,56,MovieHall.Models.Genre
15,MovieHall.Models.Movie,56,MovieHall.Models.Genre
7,MovieHall.Models.Movie,63,MovieHall.Models.Genre
15,MovieHall.Models.Movie,63,MovieHall.Models.Genre
